Scenario,Intent F1,Slot F1
0-vec-fasttext-100,0.9928571428571429,0.9969418960244648
1-vec-fasttext-100,0.5696428571428571,0.7726618705035971
2-vec-fasttext-100,0.525,0.6431570109151973
31-vec-fasttext-100,0.4857142857142857,0.7092436974789916
32-vec-fasttext-100,0.4607142857142857,0.5004344048653345
33-vec-fasttext-100,0.4525939177101968,0.5218800648298217
