Scenario,Intent F1,Slot F1
0-light-class,0.98125,0.9934640522875817
1-light-class,0.29375,0.9384965831435079
2-light-class,0.3,0.3771043771043771
31-light-class,0.24375,0.36474164133738607
32-light-class,0.3,0.4316546762589928
33-light-class,0.33125,0.33212996389891697
