Scenario,Intent F1,Slot F1
0-o2-fasttext-100-mixed-1,0.9910714285714286,0.9878048780487806
1-o2-fasttext-100-mixed-1,0.6035714285714285,0.8177121771217712
2-o2-fasttext-100-mixed-1,0.46041666666666664,0.631404958677686
31-o2-fasttext-100-mixed-1,0.5142857142857142,0.6699588477366255
32-o2-fasttext-100-mixed-1,0.5214285714285715,0.5305084745762711
33-o2-fasttext-100-mixed-1,0.5330948121645797,0.485512920908379
