Scenario,Intent F1,Slot F1
0-o3,0.9857142857142858,0.9931140015302219
1-o3,0.5125,0.7979942693409741
2-o3,0.23333333333333334,0.5085034013605443
31-o3,0.24821428571428572,0.4265041888804265
32-o3,0.3142857142857143,0.42999999999999994
33-o3,0.13595706618962433,0.4467912266450041
