Scenario,Intent F1,Slot F1
0-no-rerouting,0.9964285714285714,1.0
1-no-rerouting,0.4000000000000001,0.7876106194690266
2-no-rerouting,0.35,0.5212669683257919
31-no-rerouting,0.3392857142857143,0.45319335083114615
32-no-rerouting,0.3053571428571429,0.4828209764918626
33-no-rerouting,0.27906976744186046,0.4722483537158984
