Scenario,Intent F1,Slot F1
0_after-fixing-slots,1.0,0.9915433403805498
1_after-fixing-slots,0.5282051282051282,0.7476038338658147
2_after-fixing-slots,0.37333333333333335,0.42278860569715143
31_after-fixing-slots,0.4230769230769231,0.3973154362416107
32_after-fixing-slots,0.37948717948717947,0.40215924426450744
33_after-fixing-slots,0.2622107969151671,0.4293785310734463
