Scenario,Intent F1,Slot F1
0-1-attention-head,0.9964285714285714,0.9954198473282444
1-1-attention-head,0.36428571428571427,0.7136871508379887
2-1-attention-head,0.275,0.4815133276010318
31-1-attention-head,0.3053571428571429,0.46389891696750907
32-1-attention-head,0.31607142857142856,0.4193832599118943
33-1-attention-head,0.2772808586762075,0.45493562231759654
