Scenario,Intent F1,Slot F1
0-balanced-s1-2,0.9964285714285714,0.9870525514089872
1-balanced-s1-2,0.38928571428571423,0.7838033261026753
2-balanced-s1-2,0.30833333333333335,0.53382084095064
31-balanced-s1-2,0.3464285714285714,0.4526600541027953
32-balanced-s1-2,0.34285714285714286,0.4822565969062784
33-balanced-s1-2,0.3005366726296959,0.49119718309859156
