Scenario,Intent F1,Slot F1
0-rerouting,0.9946428571428572,0.9946524064171123
1-rerouting,0.3982142857142857,0.7347795661301609
2-rerouting,0.36041666666666666,0.546419098143236
31-rerouting,0.36428571428571427,0.4807370184254606
32-rerouting,0.2892857142857143,0.4527956003666361
33-rerouting,0.3076923076923077,0.44192139737991265
