Scenario,Intent F1,Slot F1
0-vec-fasttext-50,0.9928571428571429,0.9885057471264368
1-vec-fasttext-50,0.5267857142857143,0.777304964539007
2-vec-fasttext-50,0.42083333333333334,0.6027397260273972
31-vec-fasttext-50,0.33214285714285713,0.5476973684210525
32-vec-fasttext-50,0.40535714285714286,0.43490909090909086
33-vec-fasttext-50,0.26833631484794274,0.528523489932886
