Scenario,Intent F1,Slot F1
0-no-rerouting-3-attention,0.9964285714285714,0.9961802902979374
1-no-rerouting-3-attention,0.3732142857142857,0.8067846607669615
2-no-rerouting-3-attention,0.3375,0.529688972667295
31-no-rerouting-3-attention,0.325,0.4982014388489209
32-no-rerouting-3-attention,0.2892857142857143,0.4294003868471954
33-no-rerouting-3-attention,0.28622540250447226,0.4803493449781659
