Scenario,Intent F1,Slot F1
0-rerouting-3-attention,0.9964285714285714,0.9977046671767406
1-rerouting-3-attention,0.3589285714285715,0.7410021171489061
2-rerouting-3-attention,0.35,0.51071761416589
31-rerouting-3-attention,0.3196428571428571,0.49024597116200164
32-rerouting-3-attention,0.3,0.42781690140845074
33-rerouting-3-attention,0.2629695885509839,0.4524380495603517
