Scenario,Intent F1,Slot F1
0-temp-class,1.0,0.9813664596273292
1-temp-class,0.35,0.5865724381625441
2-temp-class,0.20000000000000004,0.4672131147540984
31-temp-class,0.13333333333333333,0.3502824858757062
32-temp-class,0.20000000000000004,0.17410714285714288
33-temp-class,0.16666666666666666,0.5171102661596959
