Scenario,Intent F1,Slot F1
0-1-attention-head,0.9964285714285714,0.9961802902979374
1-1-attention-head,0.3982142857142857,0.768790264853257
2-1-attention-head,0.2916666666666667,0.4664371772805508
31-1-attention-head,0.3339285714285714,0.43902439024390244
32-1-attention-head,0.2982142857142857,0.4467680608365019
33-1-attention-head,0.27906976744186046,0.510936132983377
