Scenario,Intent F1,Slot F1
0-o1,0.9964285714285714,0.9938837920489296
1-o1,0.4160714285714286,0.768892149669846
2-o1,0.28958333333333336,0.4685615848406546
31-o1,0.3125,0.44311377245508976
32-o1,0.3267857142857143,0.34224598930481287
33-o1,0.27191413237924866,0.4546225614927905
