Scenario,Intent F1,Slot F1
0-media-class,0.9928571428571429,0.9835164835164836
1-media-class,0.425,0.679144385026738
2-media-class,0.485,0.6587301587301587
31-media-class,0.41785714285714287,0.5142857142857142
32-media-class,0.43214285714285716,0.6888888888888889
33-media-class,0.3835125448028674,0.3561643835616438
