Scenario,Intent F1,Slot F1
0-no-attention,0.9964285714285714,0.9908536585365854
1-no-attention,0.375,0.7103202846975089
2-no-attention,0.29583333333333334,0.5571797076526226
31-no-attention,0.29642857142857143,0.5106022052586938
32-no-attention,0.31607142857142856,0.5107084019769358
33-no-attention,0.27191413237924866,0.5757071547420965
