Scenario,Intent F1,Slot F1
0-o2,0.9964285714285714,0.9923664122137403
1-o2,0.3732142857142857,0.7421203438395415
2-o2,0.3416666666666667,0.4516129032258065
31-o2,0.38035714285714284,0.43611584327086883
32-o2,0.2982142857142857,0.3650655021834061
33-o2,0.3041144901610018,0.5170731707317072
