Scenario,Intent F1,Slot F1
0-vec-100-alpha-001,0.9910714285714286,0.9863013698630138
1-vec-100-alpha-001,0.5714285714285714,0.8121752041573869
2-vec-100-alpha-001,0.43333333333333335,0.5747663551401869
31-vec-100-alpha-001,0.44285714285714284,0.5567651632970451
32-vec-100-alpha-001,0.44642857142857145,0.5124378109452736
33-vec-100-alpha-001,0.4114490161001788,0.5052461662631155
