Scenario,Intent F1,Slot F1
0-o4,0.9535714285714286,0.9779467680608365
1-o4,0.41964285714285715,0.7493188010899183
2-o4,0.19166666666666668,0.4617737003058104
31-o4,0.3053571428571429,0.4120603015075377
32-o4,0.33214285714285713,0.4088210347752332
33-o4,0.11985688729874776,0.3935185185185185
