Scenario,Intent F1,Slot F1
0-vec-100-alpha-0001,0.9910714285714286,0.9900990099009901
1-vec-100-alpha-0001,0.6071428571428571,0.7800766283524905
2-vec-100-alpha-0001,0.4666666666666667,0.6944444444444444
31-vec-100-alpha-0001,0.425,0.680532445923461
32-vec-100-alpha-0001,0.45535714285714285,0.4481964696853416
33-vec-100-alpha-0001,0.4132379248658318,0.482484076433121
