Scenario,Intent F1,Slot F1
0-o2-vec-fasttext-100-1-attention,0.9910714285714286,0.9954128440366973
1-o2-vec-fasttext-100-1-attention,0.5517857142857143,0.7660187185025198
2-o2-vec-fasttext-100-1-attention,0.38333333333333336,0.6551724137931034
31-o2-vec-fasttext-100-1-attention,0.3964285714285714,0.6022012578616351
32-o2-vec-fasttext-100-1-attention,0.4446428571428571,0.5027407987470633
33-o2-vec-fasttext-100-1-attention,0.38998211091234347,0.5115907274180654
