Scenario,Intent F1,Slot F1
0-vec-100,0.9964285714285714,0.9877862595419848
1-vec-100,0.4732142857142857,0.7723935389133627
2-vec-100,0.39166666666666666,0.5445205479452055
31-vec-100,0.36964285714285716,0.5418392709196354
32-vec-100,0.4035714285714286,0.5095846645367412
33-vec-100,0.3613595706618962,0.4816666666666667
