Scenario,Intent F1,Slot F1
0-o2-fasttext-100-no-attention,0.9857142857142858,0.9931140015302219
1-o2-fasttext-100-no-attention,0.5517857142857143,0.7052341597796143
2-o2-fasttext-100-no-attention,0.40625,0.6104605776736924
31-o2-fasttext-100-no-attention,0.3517857142857143,0.5780169100691775
32-o2-fasttext-100-no-attention,0.4357142857142857,0.5111111111111111
33-o2-fasttext-100-no-attention,0.25760286225402507,0.5194598888006354
