Scenario,Intent F1,Slot F1
0-o2-vec-fasttext-100-2-2-iter,0.9928571428571429,0.9900839054157132
1-o2-vec-fasttext-100-2-2-iter,0.5732142857142857,0.7681818181818181
2-o2-vec-fasttext-100-2-2-iter,0.47500000000000003,0.6343906510851419
31-o2-vec-fasttext-100-2-2-iter,0.41785714285714287,0.6298701298701299
32-o2-vec-fasttext-100-2-2-iter,0.4767857142857143,0.5192307692307693
33-o2-vec-fasttext-100-2-2-iter,0.3756708407871199,0.47765793528505396
