Scenario,Intent F1,Slot F1
0-o1-fasttext-100,0.9928571428571429,0.9908396946564886
1-o1-fasttext-100,0.5303571428571429,0.758273381294964
2-o1-fasttext-100,0.45625,0.6294681778552746
31-o1-fasttext-100,0.46785714285714286,0.6731866340668297
32-o1-fasttext-100,0.3964285714285714,0.5
33-o1-fasttext-100,0.38640429338103754,0.47729149463253506
