Scenario,Intent F1,Slot F1
0-rerouting-3-attention-masked,0.9946428571428572,0.9961802902979374
1-rerouting-3-attention-masked,0.3678571428571429,0.7536433032616238
2-rerouting-3-attention-masked,0.36875,0.459045904590459
31-rerouting-3-attention-masked,0.31785714285714284,0.4460431654676259
32-rerouting-3-attention-masked,0.3339285714285714,0.41308411214953267
33-rerouting-3-attention-masked,0.29338103756708406,0.4097222222222222
