Scenario,Intent F1,Slot F1
0-o5,0.5839285714285715,0.9262357414448669
1-o5,0.47500000000000003,0.6227781435154708
2-o5,0.23541666666666666,0.3773898586866168
31-o5,0.22678571428571428,0.3542074363992172
32-o5,0.24642857142857144,0.3615934627170582
33-o5,0.12880143112701253,0.3486410496719775
