Scenario,Intent F1,Slot F1
0-vec-100-1-attention,0.9946428571428572,0.9908396946564886
1-vec-100-1-attention,0.4785714285714286,0.7686676427525623
2-vec-100-1-attention,0.37708333333333327,0.5362198168193173
31-vec-100-1-attention,0.35,0.5707434052757795
32-vec-100-1-attention,0.3410714285714286,0.5316455696202532
33-vec-100-1-attention,0.33273703041144903,0.463768115942029
