Scenario,Intent F1,Slot F1
0-o2-fasttext-100-no-rerouting,0.9928571428571429,0.9931245225362872
1-o2-fasttext-100-no-rerouting,0.6196428571428572,0.8174305033809166
2-o2-fasttext-100-no-rerouting,0.45,0.6803953871499177
31-o2-fasttext-100-no-rerouting,0.46964285714285714,0.6530264279624893
32-o2-fasttext-100-no-rerouting,0.43392857142857144,0.5218093699515348
33-o2-fasttext-100-no-rerouting,0.41681574239713776,0.5264040234702432
