Scenario,Intent F1,Slot F1
0-o2-vec-fasttext-100-10-epochs,0.9821428571428571,0.9710365853658538
1-o2-vec-fasttext-100-10-epochs,0.5767857142857142,0.8233555062823354
2-o2-vec-fasttext-100-10-epochs,0.4354166666666667,0.5915966386554622
31-o2-vec-fasttext-100-10-epochs,0.42857142857142855,0.6773905272564791
32-o2-vec-fasttext-100-10-epochs,0.44285714285714284,0.4386792452830189
33-o2-vec-fasttext-100-10-epochs,0.40608228980322003,0.4905335628227195
