Scenario,Intent F1,Slot F1
0-o2-fasttext-100-no-att-no-rr,0.9714285714285714,0.9303370786516854
1-o2-fasttext-100-no-att-no-rr,0.5107142857142857,0.7496296296296296
2-o2-fasttext-100-no-att-no-rr,0.29583333333333334,0.6037126715092817
31-o2-fasttext-100-no-att-no-rr,0.25892857142857145,0.44217687074829926
32-o2-fasttext-100-no-att-no-rr,0.39285714285714285,0.36220472440944884
33-o2-fasttext-100-no-att-no-rr,0.29874776386404295,0.45344129554655865
